id,true_fail_prob,conf_fail_noisy,supported,y_R9_main_seed12,y_R3_strat_seed88,y_R1_purity_seed52,y_R3_purity_seed54,y_R5_purity_seed56,y_R9_purity_seed60,y_zero_linkage_seed13
HumanEval/147,0.2237474210730932,0.1341897547710994,1,0,0,0,0,0,0,1
HumanEval/18,0.0789791996485688,0.1132408878237789,1,0,0,0,0,0,0,1
HumanEval/24,0.1364281277704269,0.2190695029863229,1,0,0,0,0,0,0,1
HumanEval/122,0.4664469669651658,0.4879704046318412,1,0,0,0,0,0,0,0
HumanEval/125,0.5277354582186367,0.5336069096834755,1,0,0,0,1,0,0,0
HumanEval/157,0.2936004853506478,0.3546991862792719,1,0,0,1,0,0,0,1
HumanEval/63,0.5325893221708151,0.5051624289153372,1,0,0,1,0,0,0,0
HumanEval/112,0.3140495749314595,0.4670536734439577,1,0,0,0,0,0,0,0
HumanEval/48,0.1479942550926746,0.1673176693604209,1,0,0,0,0,0,0,1
HumanEval/88,0.2864077114425254,0.3246175132641097,1,0,0,1,0,0,0,1
HumanEval/79,0.3464511696903646,0.4167550385913116,1,0,0,1,0,0,0,0
HumanEval/132,0.7344791260273211,0.597047176787739,1,0,0,1,0,0,1,1
HumanEval/62,0.1367452802898172,0.0445457863643485,1,0,0,0,0,0,0,0
HumanEval/43,0.1146229179254401,0.3133382027506161,1,0,0,0,0,0,0,0
HumanEval/74,0.4711265203037846,0.514716650050712,1,0,0,1,0,0,0,1
HumanEval/45,0.7725445913523694,0.7358045011323961,1,0,1,1,1,0,0,0
HumanEval/116,0.7304413446925947,0.7748342034380892,1,0,0,1,0,0,0,0
HumanEval/161,0.5751830433384312,0.5125721527804297,1,0,0,1,0,0,0,0
HumanEval/108,0.1000630599842414,0.1362766775064397,1,0,0,0,0,0,0,1
HumanEval/149,0.654801068210667,0.5682378310619595,1,0,0,1,0,0,0,0
HumanEval/133,0.5625310530366182,0.5984134992907092,1,0,0,1,0,0,0,0
HumanEval/36,0.1579476794381963,-0.0471536523632749,1,0,0,1,0,0,0,1
HumanEval/90,0.3987077945205284,0.5717273676970671,1,0,0,0,0,0,0,1
HumanEval/91,0.0869919915346505,0.020307468084042,1,0,0,0,0,0,0,0
HumanEval/113,0.6514069739634872,0.4458456183541129,1,0,1,1,0,0,0,1
HumanEval/100,0.5889756628912122,0.5598762425948952,1,0,0,1,0,0,0,1
HumanEval/72,0.6534710749385397,0.6052415696251724,1,0,0,0,0,0,0,0
HumanEval/139,0.6203117304651329,0.6401235248831916,1,0,1,1,0,0,0,0
HumanEval/30,0.250443182722023,0.1015606035717671,1,0,0,0,0,0,0,1
HumanEval/60,0.6423053858701334,0.6939759138428669,1,0,1,1,1,0,0,0
HumanEval/70,0.2368779844403047,0.7079417839281454,1,0,0,1,0,0,0,0
HumanEval/23,0.1534216084522947,-0.0128051952443329,1,0,0,0,0,0,0,0
HumanEval/37,0.3427925252068608,0.3866955500477679,1,0,0,0,0,0,0,1
HumanEval/47,0.4233802646682711,0.3829868136937159,1,0,0,0,0,0,0,0
HumanEval/135,0.264366610727728,0.2894056890536017,1,0,0,0,0,0,0,0
HumanEval/69,0.5043371784154382,0.268802003496594,1,0,0,0,1,0,0,0
HumanEval/111,0.5018777969070458,0.3522465764698609,1,0,0,0,1,0,0,1
HumanEval/21,0.2298632436607373,0.2896189832370851,1,0,0,0,0,0,0,0
HumanEval/6,0.5169256158744866,0.5119312733531076,1,0,0,1,0,0,0,0
HumanEval/32,0.3179396881656323,0.5305206516424599,1,0,0,0,0,0,0,1
HumanEval/12,0.6010171989903128,0.5093935379950352,1,0,1,1,0,0,0,1
HumanEval/34,0.2678134637141928,0.2904984022445241,1,0,0,1,0,0,0,0
HumanEval/101,0.649095071630278,1.0278008604601956,1,0,0,1,0,0,0,1
HumanEval/68,0.361332860664057,0.2618098739297259,1,0,0,0,0,0,0,0
HumanEval/13,0.4649301758197794,0.347431821667905,1,0,0,1,0,0,0,0
HumanEval/71,0.5550097412660263,0.5504428302296649,1,0,0,1,0,0,0,0
HumanEval/38,0.4387830316260847,0.432989883377449,1,0,0,1,0,0,0,1
HumanEval/123,0.243213624078529,0.3529553704944586,1,0,0,1,0,0,0,1
HumanEval/15,0.7845361898715622,0.8013810533352481,1,0,0,1,1,0,0,0
HumanEval/160,0.1220415551655081,0.0236654445731855,1,0,0,0,0,0,0,1
HumanEval/156,0.2936927570874149,0.3211775588483999,1,0,0,0,0,0,0,1
HumanEval/120,0.461834223561828,0.8048518013970596,1,0,0,0,0,0,0,1
HumanEval/115,0.0715253541972275,0.2368559318225604,1,0,0,0,0,0,0,0
HumanEval/20,0.1661848145690193,-0.1954971707219997,1,0,0,0,0,0,0,0
HumanEval/130,0.6494483139204486,0.6309861151531889,1,0,0,0,1,0,1,0
HumanEval/114,0.6378607864962993,0.5240990186426737,1,0,0,1,0,0,0,1
HumanEval/39,0.5277247978423301,0.6086189247149997,1,0,0,1,0,0,0,0
HumanEval/52,0.726349745070791,0.703825492589658,1,0,0,0,1,0,0,0
HumanEval/163,0.6166425525027919,0.8678929997421672,1,0,1,0,0,0,0,0
HumanEval/58,0.2740883502116909,0.3951489734821488,1,0,0,0,0,0,0,0
HumanEval/51,0.5336498946594821,0.6494022706791877,1,0,0,1,0,0,0,0
HumanEval/9,0.3050617732694041,0.3293160110728558,1,0,0,0,0,0,0,0
HumanEval/158,0.6123833246931324,0.6071446297631538,1,0,0,0,1,0,0,1
HumanEval/8,0.3385952816333493,0.3828186723870379,1,0,0,1,1,0,0,0
HumanEval/1,0.1649325190685699,0.3333188919530107,1,0,0,0,0,0,0,1
HumanEval/134,0.7073424561692829,0.7768131262527466,1,0,0,0,0,0,0,1
HumanEval/107,0.5678040854777007,0.5221568519188046,1,0,0,1,1,0,0,0
HumanEval/31,0.6085090543657343,0.774270059966691,1,0,0,1,0,0,0,0
HumanEval/162,0.4696984358776199,0.4946727838549918,1,0,0,0,0,1,0,1
HumanEval/93,0.6372062133477394,0.6271162550964283,1,0,1,1,0,0,0,0
HumanEval/150,0.3859050472840228,0.2830260582579586,1,0,0,0,0,0,0,0
HumanEval/143,0.4743447804974324,0.4007657845568328,1,0,0,1,0,0,0,1
HumanEval/33,0.0969228367943761,0.0142367554298707,1,0,0,0,0,0,0,0
HumanEval/73,0.4663015356038213,0.1032951048358156,1,0,0,1,0,0,0,0
HumanEval/96,0.6609526999383545,0.7931427059901157,1,0,0,1,1,0,0,0
HumanEval/97,0.5791591427892272,0.6528012268148427,1,0,1,0,0,0,0,0
HumanEval/151,0.6523641464969036,0.6245089695916208,1,0,0,1,0,0,0,0
HumanEval/56,0.4220743397421235,0.55805222573532,1,0,0,0,0,0,0,1
HumanEval/117,0.7110013520845537,0.7679397634238947,1,0,1,1,1,0,0,1
HumanEval/64,0.1312267536282071,0.1795305258942552,1,0,0,0,0,0,0,0
HumanEval/82,0.7067753973366213,0.385056135891395,1,0,0,0,0,0,0,0
HumanEval/41,0.3284536210533923,0.2981615515040118,1,0,0,0,0,0,0,0
HumanEval/153,0.4682218987869588,0.5374064851367018,0,0,0,1,0,0,0,0
HumanEval/121,0.8644997638676509,1.0737590520001217,0,0,1,1,1,0,0,1
HumanEval/11,0.7411694538095631,0.9804077884198376,0,0,1,1,0,1,0,1
HumanEval/77,0.7212794518995498,0.9066384238431852,0,0,1,0,0,0,0,0
HumanEval/94,0.95,0.7989907625885647,0,0,1,1,1,1,1,0
HumanEval/146,0.503343525580014,0.2176462478586777,0,0,0,1,1,0,0,1
HumanEval/85,0.8627011069847261,0.9368621516966272,0,0,0,0,0,1,0,0
HumanEval/3,0.710312611316098,0.7139026699116816,0,0,0,1,1,0,0,1
HumanEval/75,0.7961940662026796,0.9213259892684976,0,0,1,1,1,0,0,1
HumanEval/102,0.7745570354741078,0.7581920682055822,0,0,0,1,0,0,0,1
HumanEval/26,0.5005968063459401,0.529164951603995,0,0,0,1,1,0,0,0
HumanEval/35,0.7840115365195583,0.5890129648221956,0,0,1,1,0,0,1,1
HumanEval/110,0.95,1.0082412551706663,0,1,1,1,1,1,1,1
HumanEval/154,0.5284256839430294,0.470588885069385,0,0,0,1,0,0,0,0
HumanEval/105,0.4086016687971441,0.4540997652986967,0,0,0,0,0,0,0,1
HumanEval/4,0.4506739725724533,0.5103967517329306,0,0,0,0,0,0,0,0
HumanEval/29,0.7448467773513257,0.7296078985168092,0,0,0,1,1,1,0,0
HumanEval/7,0.95,0.9911841458748112,0,0,1,1,1,1,1,0
HumanEval/129,0.4331776742406421,0.4314087602713128,0,0,0,0,0,0,0,0
HumanEval/25,0.95,1.0486959351467062,0,1,0,1,1,1,1,1
HumanEval/131,0.8020398116825598,0.8672663949805353,0,0,0,1,1,1,0,0
HumanEval/28,0.4901052039575702,0.4189670759827333,0,0,0,0,0,0,0,0
HumanEval/5,0.7139045312632983,0.6374772867199602,0,0,1,1,0,0,0,1
HumanEval/44,0.5555200528332078,0.7822060939719873,0,0,0,1,0,0,0,0
HumanEval/95,0.9356136010710948,0.922406186679998,0,1,1,1,1,0,1,0
HumanEval/137,0.806135267849194,0.9350702769827092,0,1,0,0,1,0,0,1
HumanEval/65,0.6159699641282721,0.6671101090651586,0,0,1,0,0,0,0,0
HumanEval/106,0.5915669775275808,0.518232353763084,0,0,0,0,0,0,0,0
HumanEval/49,0.95,0.8526334063959332,0,1,1,1,1,0,1,0
HumanEval/22,0.95,0.965616339634264,0,0,1,1,1,1,1,1
HumanEval/54,0.7271387815561305,0.7605038562488715,0,0,1,0,1,0,0,1
HumanEval/109,0.7041334250521137,0.7840007085819208,0,0,0,1,0,1,0,1
HumanEval/128,0.95,0.7852986544240401,0,1,0,1,1,0,0,1
HumanEval/17,0.95,0.8726911732846062,0,1,1,1,1,1,1,0
HumanEval/159,0.4596944737200578,0.4473618672762046,0,0,0,0,0,0,0,0
HumanEval/14,0.519312712323835,0.7274101421430225,0,0,0,1,0,0,0,0
HumanEval/46,0.6717450248677923,0.3649218106863971,0,0,1,1,0,0,0,0
HumanEval/152,0.7807860953063797,0.8378706095604097,0,0,0,1,0,0,0,1
HumanEval/83,0.4535565602051479,0.383350598585403,0,0,0,1,0,0,0,0
HumanEval/67,0.4401172092678965,0.496196263837508,0,0,0,0,0,0,0,0
HumanEval/57,0.5645966886857363,0.5006394308693105,0,0,0,0,0,0,0,0
HumanEval/61,0.6894696431178382,0.7368612813818582,0,0,1,0,0,0,0,0
HumanEval/145,0.95,1.1534029452892558,0,1,1,1,0,1,0,0
HumanEval/127,0.8574357357970566,0.9034812812464784,0,1,0,1,0,0,1,0
HumanEval/80,0.4219030715874255,0.4782450641095411,0,0,0,0,0,0,0,1
HumanEval/140,0.4337596401220834,0.4822311656186184,0,0,1,1,0,0,0,0
HumanEval/87,0.7390222946113225,0.6414815369459107,0,0,1,1,1,1,0,0
HumanEval/10,0.95,1.02059232074192,0,1,1,1,1,0,1,0
HumanEval/50,0.95,0.9229149468449724,0,1,1,1,1,1,1,0
HumanEval/66,0.6738290712322017,0.5683062974915868,0,0,1,1,0,0,0,1
HumanEval/136,0.95,0.9449887695924886,0,1,1,1,1,1,1,0
HumanEval/27,0.95,0.920452498451769,0,0,1,1,1,1,1,1
HumanEval/42,0.7049605103379651,0.802912883730117,0,0,0,1,0,0,0,0
HumanEval/104,0.95,0.944430900750322,0,1,1,1,1,0,1,0
HumanEval/0,0.6740067598083088,0.6051792923340623,0,0,0,1,1,1,0,0
HumanEval/155,0.5151827591835493,0.7044590640273625,0,0,0,1,0,0,0,1
HumanEval/98,0.8313984664005956,0.9598888755489856,0,0,0,1,0,0,0,1
HumanEval/2,0.4648167342072355,0.6298815611386974,0,0,0,0,1,0,0,1
HumanEval/81,0.8975148684562745,0.9765116255181716,0,0,1,1,1,1,0,0
HumanEval/142,0.95,0.9357391307234948,0,1,1,1,1,1,1,0
HumanEval/126,0.95,0.895517857493219,0,1,1,1,1,1,0,0
HumanEval/40,0.7360187387648254,0.6997045394080442,0,0,1,1,1,0,0,0
HumanEval/119,0.4880385994293705,0.6112383787049723,0,0,1,1,0,0,0,0
HumanEval/19,0.95,0.9645474264318163,0,0,1,0,1,1,1,0
HumanEval/99,0.95,0.7572303912321752,0,1,1,1,1,1,0,0
HumanEval/59,0.95,0.944919236296787,0,1,1,1,1,0,1,1
HumanEval/86,0.8454841369770723,0.6613905901709158,0,0,1,1,0,1,1,0
HumanEval/144,0.9050526656050816,0.9266152240331876,0,0,1,1,1,1,0,0
HumanEval/92,0.6799596084608361,0.5234630560133336,0,0,0,0,0,0,0,0
HumanEval/76,0.5373519831673027,0.3730402864994493,0,0,0,0,0,0,0,1
HumanEval/89,0.6187862595674238,0.6342015885772441,0,0,1,1,0,1,0,0
HumanEval/148,0.9404924045005882,0.9303245421454556,0,0,1,1,1,1,1,0
HumanEval/118,0.6437377257483506,0.4277087047757015,0,0,1,0,1,0,0,0
HumanEval/55,0.9186898597141646,1.015958943063441,0,0,1,1,1,1,0,1
HumanEval/53,0.7766194068693204,1.0578219763722734,0,0,1,1,0,0,0,1
HumanEval/84,0.7367470688092541,0.5441682220514159,0,1,1,0,0,0,0,0
HumanEval/141,0.95,1.1865804634411274,0,1,1,1,1,1,1,0
HumanEval/124,0.5245678874476241,0.4351552622979571,0,0,0,0,0,0,0,1
HumanEval/138,0.7653705953471996,0.7011388148557789,0,1,0,0,1,0,0,0
HumanEval/103,0.5197859804827036,0.4965306417607971,0,0,1,1,0,0,0,0
HumanEval/16,0.95,0.7621139613135052,0,1,1,1,0,0,1,1
HumanEval/78,0.7664645589957453,0.9353510968727196,0,0,0,1,1,0,0,0
