coverage,risk_primary_support,risk_confidence,risk_oracle
0.006097560975609756,0.0,0.0,0.0
0.012195121951219513,0.0,0.0,0.0
0.018292682926829267,0.0,0.0,0.0
0.024390243902439025,0.0,0.0,0.0
0.03048780487804878,0.0,0.0,0.0
0.036585365853658534,0.0,0.0,0.0
0.042682926829268296,0.0,0.0,0.0
0.04878048780487805,0.0,0.0,0.0
0.054878048780487805,0.0,0.0,0.0
0.06097560975609756,0.0,0.0,0.0
0.06707317073170732,0.0,0.0,0.0
0.07317073170731707,0.0,0.0,0.0
0.07926829268292683,0.0,0.0,0.0
0.08536585365853659,0.0,0.0,0.0
0.09146341463414634,0.0,0.0,0.0
0.0975609756097561,0.0,0.0,0.0
0.10365853658536585,0.0,0.0,0.0
0.10975609756097561,0.0,0.0,0.0
0.11585365853658537,0.0,0.0,0.0
0.12195121951219512,0.0,0.0,0.0
0.12804878048780488,0.0,0.0,0.0
0.13414634146341464,0.0,0.0,0.0
0.1402439024390244,0.0,0.0,0.0
0.14634146341463414,0.0,0.0,0.0
0.1524390243902439,0.0,0.0,0.0
0.15853658536585366,0.0,0.0,0.0
0.16463414634146342,0.0,0.0,0.0
0.17073170731707318,0.0,0.0,0.0
0.17682926829268292,0.0,0.0,0.0
0.18292682926829268,0.0,0.0,0.0
0.18902439024390244,0.0,0.0,0.0
0.1951219512195122,0.0,0.0,0.0
0.20121951219512196,0.0,0.0,0.0
0.2073170731707317,0.0,0.0,0.0
0.21341463414634146,0.0,0.0,0.0
0.21951219512195122,0.0,0.0,0.0
0.22560975609756098,0.0,0.0,0.0
0.23170731707317074,0.0,0.0,0.0
0.23780487804878048,0.0,0.0,0.0
0.24390243902439024,0.0,0.0,0.0
0.25,0.0,0.0,0.0
0.25609756097560976,0.0,0.0,0.0
0.2621951219512195,0.0,0.0,0.0
0.2682926829268293,0.0,0.0,0.0
0.27439024390243905,0.0,0.0,0.0
0.2804878048780488,0.0,0.0,0.0
0.2865853658536585,0.0,0.0,0.0
0.2926829268292683,0.0,0.0,0.0
0.29878048780487804,0.0,0.0,0.0
0.3048780487804878,0.0,0.0,0.0
0.31097560975609756,0.0,0.0,0.0
0.3170731707317073,0.0,0.0,0.0
0.3231707317073171,0.0,0.0,0.0
0.32926829268292684,0.0,0.0,0.0
0.3353658536585366,0.0,0.0,0.0
0.34146341463414637,0.0,0.0,0.0
0.3475609756097561,0.0,0.0,0.0
0.35365853658536583,0.0,0.0,0.0
0.3597560975609756,0.0,0.0,0.0
0.36585365853658536,0.0,0.0,0.0
0.3719512195121951,0.0,0.0,0.0
0.3780487804878049,0.0,0.0,0.0
0.38414634146341464,0.0,0.0,0.0
0.3902439024390244,0.0,0.0,0.0
0.39634146341463417,0.0,0.0,0.0
0.4024390243902439,0.0,0.0,0.0
0.40853658536585363,0.0,0.0,0.0
0.4146341463414634,0.0,0.0,0.0
0.42073170731707316,0.0,0.0,0.0
0.4268292682926829,0.0,0.0,0.0
0.4329268292682927,0.0,0.0,0.0
0.43902439024390244,0.0,0.0,0.0
0.4451219512195122,0.0,0.0,0.0
0.45121951219512196,0.0,0.0,0.0
0.4573170731707317,0.0,0.013333333333333334,0.0
0.4634146341463415,0.0,0.013157894736842105,0.0
0.4695121951219512,0.0,0.012987012987012988,0.0
0.47560975609756095,0.0,0.01282051282051282,0.0
0.4817073170731707,0.0,0.012658227848101266,0.0
0.4878048780487805,0.0,0.0125,0.0
0.49390243902439024,0.0,0.012345679012345678,0.0
0.5,0.0,0.012195121951219513,0.0
0.5060975609756098,0.0,0.012048192771084338,0.0
0.5121951219512195,0.0,0.011904761904761904,0.0
0.5182926829268293,0.0,0.011764705882352941,0.0
0.524390243902439,0.0,0.011627906976744186,0.0
0.5304878048780488,0.0,0.011494252873563218,0.0
0.5365853658536586,0.0,0.011363636363636364,0.0
0.5426829268292683,0.0,0.011235955056179775,0.0
0.5487804878048781,0.0,0.011111111111111112,0.0
0.5548780487804879,0.0,0.01098901098901099,0.0
0.5609756097560976,0.010869565217391304,0.010869565217391304,0.0
0.5670731707317073,0.021505376344086023,0.010752688172043012,0.0
0.573170731707317,0.031914893617021274,0.010638297872340425,0.0
0.5792682926829268,0.042105263157894736,0.010526315789473684,0.0
0.5853658536585366,0.041666666666666664,0.010416666666666666,0.0
0.5914634146341463,0.05154639175257732,0.010309278350515464,0.0
0.5975609756097561,0.05102040816326531,0.01020408163265306,0.0
0.6036585365853658,0.050505050505050504,0.010101010101010102,0.0
0.6097560975609756,0.05,0.01,0.0
0.6158536585365854,0.0594059405940594,0.009900990099009901,0.0
0.6219512195121951,0.06862745098039216,0.00980392156862745,0.0
0.6280487804878049,0.07766990291262135,0.009708737864077669,0.0
0.6341463414634146,0.07692307692307693,0.019230769230769232,0.0
0.6402439024390244,0.0761904761904762,0.01904761904761905,0.0
0.6463414634146342,0.07547169811320754,0.018867924528301886,0.0
0.6524390243902439,0.07476635514018691,0.018691588785046728,0.0
0.6585365853658537,0.07407407407407407,0.018518518518518517,0.0
0.6646341463414634,0.07339449541284404,0.01834862385321101,0.0
0.6707317073170732,0.08181818181818182,0.01818181818181818,0.0
0.676829268292683,0.09009009009009009,0.018018018018018018,0.0
0.6829268292682927,0.08928571428571429,0.017857142857142856,0.0
0.6890243902439024,0.08849557522123894,0.02654867256637168,0.0
0.6951219512195121,0.08771929824561403,0.02631578947368421,0.0
0.7012195121951219,0.08695652173913043,0.02608695652173913,0.0
0.7073170731707317,0.09482758620689655,0.034482758620689655,0.0
0.7134146341463414,0.09401709401709402,0.03418803418803419,0.0
0.7195121951219512,0.09322033898305085,0.03389830508474576,0.0
0.725609756097561,0.09243697478991597,0.03361344537815126,0.008403361344537815
0.7317073170731707,0.09166666666666666,0.03333333333333333,0.008333333333333333
0.7378048780487805,0.09090909090909091,0.03305785123966942,0.008264462809917356
0.7439024390243902,0.09016393442622951,0.03278688524590164,0.00819672131147541
0.75,0.0975609756097561,0.04065040650406504,0.016260162601626018
0.7560975609756098,0.10483870967741936,0.04032258064516129,0.016129032258064516
0.7621951219512195,0.104,0.04,0.016
0.7682926829268293,0.10317460317460317,0.03968253968253968,0.015873015873015872
0.774390243902439,0.10236220472440945,0.03937007874015748,0.015748031496062992
0.7804878048780488,0.1015625,0.0390625,0.015625
0.7865853658536586,0.10077519379844961,0.03875968992248062,0.015503875968992248
0.7926829268292683,0.1,0.046153846153846156,0.015384615384615385
0.7987804878048781,0.10687022900763359,0.04580152671755725,0.015267175572519083
0.8048780487804879,0.11363636363636363,0.045454545454545456,0.015151515151515152
0.8109756097560976,0.11278195488721804,0.05263157894736842,0.022556390977443608
0.8170731707317073,0.11940298507462686,0.05970149253731343,0.022388059701492536
0.823170731707317,0.11851851851851852,0.06666666666666667,0.022222222222222223
0.8292682926829268,0.11764705882352941,0.0661764705882353,0.029411764705882353
0.8353658536585366,0.11678832116788321,0.06569343065693431,0.029197080291970802
0.8414634146341463,0.11594202898550725,0.06521739130434782,0.028985507246376812
0.8475609756097561,0.11510791366906475,0.07194244604316546,0.02877697841726619
0.8536585365853658,0.11428571428571428,0.07857142857142857,0.02857142857142857
0.8597560975609756,0.11347517730496454,0.07801418439716312,0.028368794326241134
0.8658536585365854,0.11267605633802817,0.07746478873239436,0.035211267605633804
0.8719512195121951,0.11888111888111888,0.08391608391608392,0.03496503496503497
0.8780487804878049,0.11805555555555555,0.08333333333333333,0.034722222222222224
0.8841463414634146,0.11724137931034483,0.0896551724137931,0.041379310344827586
0.8902439024390244,0.11643835616438356,0.08904109589041095,0.04794520547945205
0.8963414634146342,0.11564625850340136,0.09523809523809523,0.05442176870748299
0.9024390243902439,0.11486486486486487,0.10135135135135136,0.05405405405405406
0.9085365853658537,0.12080536912751678,0.10738255033557047,0.06040268456375839
0.9146341463414634,0.12,0.10666666666666667,0.06
0.9207317073170732,0.11920529801324503,0.10596026490066225,0.06622516556291391
0.926829268292683,0.11842105263157894,0.10526315789473684,0.07236842105263158
0.9329268292682927,0.11764705882352941,0.10457516339869281,0.0784313725490196
0.9390243902439024,0.11688311688311688,0.1038961038961039,0.08441558441558442
0.9451219512195121,0.11612903225806452,0.1032258064516129,0.08387096774193549
0.9512195121951219,0.11538461538461539,0.10897435897435898,0.08974358974358974
0.9573170731707317,0.11464968152866242,0.10828025477707007,0.09554140127388536
0.9634146341463414,0.12025316455696203,0.11392405063291139,0.10126582278481013
0.9695121951219512,0.11949685534591195,0.11320754716981132,0.1069182389937107
0.975609756097561,0.11875,0.11875,0.1125
0.9817073170731707,0.11801242236024845,0.11801242236024845,0.11801242236024845
0.9878048780487805,0.12345679012345678,0.11728395061728394,0.12345679012345678
0.9939024390243902,0.12883435582822086,0.12269938650306748,0.12269938650306748
1.0,0.12804878048780488,0.12804878048780488,0.12804878048780488
