id,z,max_sim,k_eff,score_mass,margin,oov,y
HumanEval/147,0,0.7926829268292683,1,1.6083113996607592,0.6128268117213547,0.0,0
HumanEval/18,0,0.75,1,1.4039067858701753,0.6234177215189873,0.0,0
HumanEval/24,0,0.6571428571428571,1,1.309464570517202,0.5116883116883117,0.0,0
HumanEval/122,0,0.7076923076923077,2,1.558955924250042,0.5410256410256411,0.0,0
HumanEval/125,0,0.6578947368421053,1,1.274978699707351,0.505720823798627,0.0,0
HumanEval/157,0,0.8666666666666667,1,1.6621928708863687,0.6978354978354979,0.0,0
HumanEval/63,0,0.6875,1,1.2494247699079633,0.5600490196078431,0.0,0
HumanEval/112,0,0.8571428571428571,1,1.5411703494308258,0.6904761904761905,0.0,0
HumanEval/48,0,0.782608695652174,1,1.470834039733058,0.6218944099378882,0.0,0
HumanEval/88,0,0.8787878787878788,1,1.613361430815739,0.7103668261562999,0.0,0
HumanEval/79,0,0.9322033898305084,1,1.657238089562164,0.7622033898305084,0.0,0
HumanEval/132,0,0.5972222222222222,1,1.3357060170969945,0.4237528344671202,0.0,0
HumanEval/62,0,0.8666666666666667,1,1.5464869281045752,0.7166666666666667,0.0,0
HumanEval/43,0,0.7818181818181819,1,1.5511561779216918,0.5962511715089035,0.0,0
HumanEval/74,0,0.7941176470588235,1,1.3791942308838427,0.6558197747183979,0.0,0
HumanEval/45,0,0.7916666666666666,1,1.4147409045658874,0.6565315315315314,0.0,0
HumanEval/116,0,0.6627906976744186,1,1.331263907617918,0.5164492342597844,0.0,0
HumanEval/161,0,0.7258064516129032,1,1.3731833321581006,0.5758064516129032,0.0,0
HumanEval/108,0,0.7183098591549296,1,1.4516802982396544,0.5405320813771518,0.0,0
HumanEval/149,0,0.73,1,1.4193562427072552,0.5676068376068376,0.0,0
HumanEval/133,0,0.8269230769230769,1,1.5446578434991296,0.6561913696060037,0.0,0
HumanEval/36,0,0.6326530612244898,1,1.1956097333399853,0.49581095596133196,0.0,0
HumanEval/90,0,0.7547169811320755,1,1.6375567163225313,0.5504159058632583,0.0,0
HumanEval/91,0,0.7692307692307693,1,1.4758802245301101,0.6068376068376069,0.0,0
HumanEval/113,0,0.7183098591549296,1,1.3061549247173865,0.5808098591549296,0.0,0
HumanEval/100,0,0.8032786885245902,1,1.54916615590624,0.62309850834441,0.0,0
HumanEval/72,0,0.8939393939393939,1,1.4877405635300371,0.7539393939393939,0.0,0
HumanEval/139,0,0.7735849056603774,1,1.4037979298371843,0.6205236811705814,0.0,0
HumanEval/30,0,0.8108108108108109,1,1.582512385449962,0.6592956592956594,0.0,0
HumanEval/60,0,0.7352941176470589,1,1.2307640437279985,0.6227941176470588,0.0,0
HumanEval/70,0,0.65625,1,1.4229858523291943,0.4834104938271605,0.0,0
HumanEval/23,0,0.8888888888888888,1,1.6472297728111682,0.707070707070707,0.0,0
HumanEval/37,0,0.7014925373134329,2,1.6931170639733573,0.5375581110839247,0.0,0
HumanEval/47,0,0.5434782608695652,1,1.297807182667307,0.37366694011484825,0.0,0
HumanEval/135,0,0.7678571428571429,1,1.5252036490229066,0.5954433497536946,0.0,0
HumanEval/69,0,0.7272727272727273,1,1.7024572096678359,0.512218963831867,0.0,0
HumanEval/111,0,0.6623376623376623,1,1.1696832616510024,0.5414585414585414,0.0,0
HumanEval/21,0,0.71875,1,1.5263252793384257,0.5616071428571429,0.0,0
HumanEval/6,0,0.65,1,1.3671542161145365,0.5010638297872341,0.0,0
HumanEval/32,0,0.7758620689655172,1,1.4044489015393882,0.6298766675056633,0.0,0
HumanEval/12,0,0.7407407407407407,1,1.3811815398728677,0.5964108438335243,0.0,0
HumanEval/34,0,0.875,1,1.6657301184997444,0.7234848484848485,0.0,0
HumanEval/101,0,0.8253968253968254,1,1.5143966032576794,0.6657329598506069,0.0,0
HumanEval/68,0,0.8333333333333334,1,1.6042064990309346,0.6504065040650406,0.0,0
HumanEval/13,0,0.7142857142857143,1,1.4322595704948646,0.5574229691876751,0.0,0
HumanEval/71,0,0.6716417910447762,2,1.4775367260271595,0.5255743753144391,0.0,0
HumanEval/38,0,0.953125,1,1.5310132600189768,0.8182043650793651,0.0,0
HumanEval/123,0,0.7980769230769231,1,1.551226387991094,0.6356837606837608,0.0,0
HumanEval/15,0,0.8235294117647058,1,1.559696753195205,0.6568627450980392,0.0,0
HumanEval/160,0,0.8604651162790697,1,1.4627743983999297,0.7120780195048761,0.0,0
HumanEval/156,0,0.39285714285714285,1,1.0171684738744429,0.25,0.0,0
HumanEval/120,0,0.9701492537313433,1,1.9137877894028812,0.755273220673492,0.0,0
HumanEval/115,0,0.8888888888888888,1,1.580171113639405,0.7375730994152047,0.0,0
HumanEval/20,0,0.7183098591549296,1,1.5396483176607447,0.5610064883684127,0.0,0
HumanEval/130,0,0.8202247191011236,1,1.6469421536883977,0.6297485286249331,0.0,0
HumanEval/114,0,0.5882352941176471,1,1.2488441751575339,0.4334733893557423,0.0,0
HumanEval/39,0,0.313953488372093,0,0.884839904541528,0.1806201550387597,0.0,0
HumanEval/52,0,0.7777777777777778,1,1.4111397907217316,0.6252354048964218,0.0,0
HumanEval/163,0,0.6470588235294118,1,1.2162552521008403,0.5064338235294118,0.0,0
HumanEval/58,0,0.9230769230769231,1,1.6621584564900198,0.7822318526543879,0.0,0
HumanEval/51,0,0.7428571428571429,1,1.308790877345328,0.6107816711590297,0.5769230769230769,0
HumanEval/9,0,0.85,1,1.6154434716406547,0.69,0.20588235294117652,0
HumanEval/158,0,0.71875,1,1.3086836574421568,0.5779049295774648,0.3695652173913043,0
HumanEval/8,0,0.8035714285714286,2,1.7194552277432713,0.6187888198757765,0.24444444444444446,0
HumanEval/1,0,0.6976744186046512,1,1.404955296134713,0.5423346127794084,0.3666666666666667,0
HumanEval/134,0,0.803921568627451,1,1.4561503023858684,0.650860344137655,0.2682926829268293,0
HumanEval/107,0,0.7586206896551724,1,1.623797766550306,0.5821501014198782,0.16666666666666663,0
HumanEval/31,0,0.46808510638297873,1,1.166604843225084,0.32746010638297873,0.40909090909090906,0
HumanEval/162,0,0.6944444444444444,1,1.4236106551896026,0.5444444444444444,0.36,0
HumanEval/93,0,0.6438356164383562,1,1.2209214540096307,0.5049467275494672,0.44680851063829785,0
HumanEval/150,0,0.6481481481481481,1,1.3610898613109372,0.4814814814814815,0.2571428571428571,0
HumanEval/143,0,0.7209302325581395,1,1.5198990360723976,0.5317410433689502,0.24193548387096775,0
HumanEval/33,0,0.7222222222222222,2,1.7200694035133677,0.5576652601969058,0.05769230769230771,0
HumanEval/73,0,0.7761194029850746,1,1.5921476747589005,0.5872305140961858,0.17307692307692313,0
HumanEval/96,0,0.6190476190476191,1,1.2048677248677249,0.4832451499118166,0.3076923076923077,0
HumanEval/97,0,0.9024390243902439,1,1.4456455362242067,0.7730272596843616,0.4054054054054054,0
HumanEval/151,0,0.7719298245614035,1,1.6014691199543574,0.5844298245614035,0.2272727272727273,0
HumanEval/56,0,0.6363636363636364,1,1.3746114996114995,0.4825174825174825,0.3928571428571429,0
HumanEval/117,0,0.7956989247311828,1,1.419447939111543,0.6491472005932517,0.3648648648648649,0
HumanEval/64,0,0.7638888888888888,1,1.4499331035738803,0.6047979797979798,0.2909090909090909,0
HumanEval/82,0,0.574468085106383,1,1.357716543964598,0.4030395136778116,0.18518518518518523,0
HumanEval/41,0,0.9444444444444444,1,1.3952109572667255,0.8363363363363363,0.5441176470588236,0
HumanEval/153,1,0.17692307692307693,0,0.8522879845183575,0.010256410256410275,0.46590909090909094,0
HumanEval/121,1,0.18181818181818182,0,0.8003270138101599,0.030303030303030304,0.2777777777777778,0
HumanEval/11,1,0.1746031746031746,0,0.8004600214069367,0.026455026455026454,0.28205128205128205,0
HumanEval/77,1,0.2191780821917808,0,0.9137938501740175,0.06362252663622525,0.3157894736842105,0
HumanEval/94,1,0.2876712328767123,0,0.9606862136924703,0.12675169264682726,0.19047619047619047,0
HumanEval/146,1,0.21739130434782608,0,0.950945860977569,0.04567413263065437,0.22448979591836737,0
HumanEval/85,1,0.17721518987341772,0,0.7752765488043418,0.04085155350978137,0.23076923076923073,0
HumanEval/3,1,0.1935483870967742,0,0.9057684846469349,0.02688172043010753,0.2909090909090909,0
HumanEval/75,1,0.26153846153846155,0,1.0909459157042698,0.05915750915750917,0.17142857142857137,0
HumanEval/102,1,0.19736842105263158,0,0.932345396193167,0.016645529486366523,0.20454545454545459,0
HumanEval/26,1,0.3333333333333333,1,1.0921687174165693,0.17602996254681647,0.19444444444444442,0
HumanEval/35,1,0.37777777777777777,1,1.1224731097681917,0.21706349206349204,0.16000000000000003,0
HumanEval/110,1,0.20388349514563106,0,0.8990056483547408,0.04197873324086915,0.2753623188405797,1
HumanEval/154,1,0.1927710843373494,0,0.9051706894883343,0.021718452758402035,0.2432432432432432,0
HumanEval/105,1,0.1885245901639344,0,0.855164880196868,0.024462090163934413,0.28205128205128205,0
HumanEval/4,1,0.20833333333333334,0,0.9781066931778273,0.02442528735632185,0.36170212765957444,0
HumanEval/29,1,0.1875,0,0.7912257202853349,0.03856382978723405,0.36111111111111116,0
HumanEval/7,1,0.1746031746031746,0,0.77796943338739,0.031746031746031744,0.32352941176470584,0
HumanEval/129,1,0.19444444444444445,0,0.7960543146119164,0.0515873015873016,0.42105263157894735,0
HumanEval/25,1,0.25,0,0.918469181708098,0.09821428571428573,0.20408163265306123,1
HumanEval/131,1,0.18867924528301888,0,0.8497794110271475,0.02706308366685725,0.2142857142857143,0
HumanEval/28,1,0.2,0,0.8547089947089948,0.05714285714285716,0.25,0
HumanEval/5,1,0.23333333333333334,0,0.8073393709004174,0.0937984496124031,0.32352941176470584,0
HumanEval/44,1,0.1527777777777778,0,0.660892257738302,0.03802367941712205,0.38235294117647056,0
HumanEval/95,1,0.2261904761904762,0,0.8464005953685505,0.07693674484719262,0.41463414634146345,1
HumanEval/137,1,0.17708333333333334,0,0.8136923469638959,0.024702380952380948,0.35185185185185186,1
HumanEval/65,1,0.14893617021276595,0,0.7074692963911291,0.011949868842902944,0.2666666666666667,0
HumanEval/106,1,0.23958333333333334,0,1.0163289950455654,0.05980805243445694,0.15384615384615385,0
HumanEval/49,1,0.12962962962962962,0,0.5994599651316069,0.018518518518518517,0.5,1
HumanEval/22,1,0.2807017543859649,0,0.9043317753844069,0.14736842105263157,0.303030303030303,0
HumanEval/54,1,0.16666666666666666,0,0.6083895461463954,0.07291666666666666,0.42307692307692313,0
HumanEval/109,1,0.16428571428571428,0,0.7501459150140205,0.022310405643738984,0.40625,0
HumanEval/128,1,0.2235294117647059,0,1.0278553605020457,0.03305322128851543,0.22916666666666663,1
HumanEval/17,1,0.1885245901639344,0,0.8485164715919113,0.040376442015786274,0.36923076923076925,1
HumanEval/159,1,0.1452513966480447,0,0.6716240749349259,0.02111346561356195,0.46153846153846156,0
HumanEval/14,1,0.22857142857142856,0,0.9888423524646435,0.06015037593984962,0.31999999999999995,0
HumanEval/46,1,0.3488372093023256,1,0.8515655318523798,0.23172009218520848,0.3076923076923077,0
HumanEval/152,1,0.15037593984962405,0,0.706718872279513,0.014012303485987698,0.5301204819277108,0
HumanEval/83,1,0.17333333333333334,0,0.7844104217029277,0.026666666666666672,0.09523809523809523,0
HumanEval/67,1,0.17592592592592593,0,0.8467458575090835,0.010571595217264501,0.4193548387096774,0
HumanEval/57,1,0.21951219512195122,0,0.9429072908651666,0.058797909407665494,0.23076923076923073,0
HumanEval/61,1,0.44,1,1.1782478632478632,0.28615384615384615,0.3928571428571429,0
HumanEval/145,1,0.19540229885057472,0,0.8337520163542789,0.04486466444197257,0.21568627450980393,1
HumanEval/127,1,0.14634146341463414,0,0.7045854651994455,0.012013105205678914,0.5121951219512195,1
HumanEval/80,1,0.2,0,0.9044769306005261,0.02954545454545457,0.275,0
HumanEval/140,1,0.13978494623655913,0,0.6531450212163524,0.014784946236559127,0.4722222222222222,0
HumanEval/87,1,0.1518987341772152,0,0.7078281069886486,0.019545793000744605,0.4408602150537635,0
HumanEval/10,1,0.18032786885245902,0,0.798963746109026,0.03217972070431088,0.40816326530612246,1
HumanEval/50,1,0.225,0,0.7785842805734849,0.09385245901639344,0.2647058823529411,1
HumanEval/66,1,0.16923076923076924,0,0.7576085032978959,0.029990262901655323,0.4,0
HumanEval/136,1,0.2345679012345679,0,1.0039145476867237,0.06411335578002245,0.23404255319148937,1
HumanEval/27,1,0.1875,0,0.7684135712415366,0.05317164179104478,0.25,0
HumanEval/42,1,0.325,1,1.1217893217893218,0.17727272727272728,0.1724137931034483,0
HumanEval/104,1,0.16363636363636364,0,0.7812358236121311,0.01309872922776148,0.275,1
HumanEval/0,1,0.23076923076923078,0,0.8610852442983921,0.08662508662508664,0.31707317073170727,0
HumanEval/155,1,0.16494845360824742,0,0.7569074125404796,0.026059564719358524,0.1923076923076923,0
HumanEval/98,1,0.18666666666666668,0,0.8862827553224822,0.01593495934959349,0.29166666666666663,0
HumanEval/2,1,0.16393442622950818,0,0.7361085216882315,0.028131957093705723,0.36111111111111116,0
HumanEval/81,1,0.11904761904761904,0,0.5443229450416947,0.019047619047619035,0.6136363636363636,0
HumanEval/142,1,0.2441860465116279,0,1.0016196397454062,0.06561461794019932,0.21818181818181814,1
HumanEval/126,1,0.2441860465116279,0,1.0417856194083217,0.060278000534616405,0.14,1
HumanEval/40,1,0.5873015873015873,1,1.4160009295793905,0.3921796360820751,0.11111111111111116,0
HumanEval/119,1,0.20175438596491227,0,0.9104457971295398,0.031022678647839086,0.3880597014925373,0
HumanEval/19,1,0.18085106382978725,0,0.8257406415128559,0.023547693043270396,0.3829787234042553,0
HumanEval/99,1,0.1686746987951807,0,0.791832001262828,0.014828544949026856,0.26,1
HumanEval/59,1,0.20408163265306123,0,0.8476494816288799,0.050235478806907374,0.16000000000000003,1
HumanEval/86,1,0.16535433070866143,0,0.7943727128830756,0.013180417665183158,0.34545454545454546,0
HumanEval/144,1,0.17293233082706766,0,0.83068175367601,0.02141717931191614,0.33333333333333337,0
HumanEval/92,1,0.2087912087912088,0,0.9736617578977693,0.026973026973026976,0.18181818181818177,0
HumanEval/76,1,0.2112676056338028,0,0.9129802450865155,0.04671064360848637,0.28205128205128205,0
HumanEval/89,1,0.16279069767441862,0,0.7570367294204503,0.019933554817275767,0.4666666666666667,0
HumanEval/148,1,0.15384615384615385,0,0.6614962899710427,0.03046953046953048,0.55,0
HumanEval/118,1,0.18095238095238095,0,0.8386147819762163,0.02498907820008736,0.3728813559322034,0
HumanEval/55,1,0.13953488372093023,0,0.5514051390694464,0.05064599483204134,0.2666666666666667,0
HumanEval/53,1,0.14893617021276595,0,0.6051699795259649,0.05089695452649144,0.3157894736842105,0
HumanEval/84,1,0.18018018018018017,0,0.8695265622828302,0.01150548138499946,0.25,1
HumanEval/141,1,0.1875,0,0.7798218935270608,0.043664383561643844,0.3783783783783784,1
HumanEval/124,1,0.19148936170212766,0,0.8830003782131441,0.028027823240589195,0.3846153846153846,0
HumanEval/138,1,0.13636363636363635,0,0.6271837751289806,0.017316017316017313,0.2962962962962963,1
HumanEval/103,1,0.15315315315315314,0,0.737314361827212,0.014855280812727606,0.37254901960784315,0
HumanEval/16,1,0.2571428571428571,0,0.876687906421153,0.1275132275132275,0.2692307692307693,1
HumanEval/78,1,0.17307692307692307,0,0.7943767943767943,0.030219780219780223,0.3125,0
